persona,Question,Answer
A person who hate exams,"Math problem:
A bureaucrat who despises examinations has recently uncovered a scathing internal critique of the so‑called “Perfect‑Score‑Only” tracking system, an elaborate framework in which educators are graded on the cumulative representation of their entire student body while ostensibly avoiding acknowledgment of any individual. To expose the paradox, analysts juxtapose three pivotal aggregates: the current year’s aggregate exam scores of the student populace (denoted $E_{\text{cur}}$), the projected next year’s collection of averages representing each pupil ($A_{\text{proj}}$) derived from a Poisson process with parameter $\lambda$ per student, and the chronologically ordered vector of all previous class‑room aggregates, $\mathbf{C}=[C_{1},C_{2},\dots,C_{t}]$ where each $C_{k}$ is the average score of class $k$ in the archival year. The investigation proceeds via the following sub‑problems.

**a.** Derive the joint probability density function $f_{E_{\text{cur}},A_{\text{proj}}|\mathbf{C}}(e,\,a\mid\mathbf{c})$ under the assumption that each student’s exam score is drawn independently from a truncated normal distribution $\mathcal N(\mu_k,\sigma_k^2)$ conditioned to lie within $[0,100]$, where $\mu_k$ and $\sigma_k$ are the mean and standard deviation associated with class $k$ in $\mathbf{C}$. Express the result in terms of the cumulative distribution function $\Phi$ of the standard normal and the truncation bounds.

**b.** Suppose the system’s fairness metric is defined as $\Phi^{-1}\!\left(\frac{A_{\text{proj}}}{100}\right)-\frac{1}{t}\sum_{k=1}^{t}\Phi^{-1}\!\left(\frac{C_{k}}{100}\right)$, where $\Phi^{-1}$ denotes the inverse standard normal CDF. Analyze the conditions on the parameters $\{\mu_k,\sigma_k\}_{k=1}^{t}$ that would cause this metric to approach zero, interpreted as maximal fairness, and discuss the implications for the bureaucrat’s critique.","<reasoning>
(a) Model: For class $k$, scores $X_{k,i} \sim \text{TN}(\mu_k,\sigma_k^2,0,100)$ with density 
$$f_k(x)=\frac{1}{\sigma_k}\frac{\varphi\!\left(\frac{x-\mu_k}{\sigma_k}\right)}{\Delta_k}\mathbf{1}_{0<x<100},\qquad \Delta_k=\Phi\!\left(\frac{100-\mu_k}{\sigma_k}\right)-\Phi\!\left(\frac{-\mu_k}{\sigma_k}\right).$$
Let $n_k$ be the number of current students in class $k$, $N=\sum n_k$. Define
$$E_{\text{cur}}=\frac{1}{N}\sum_{k,i}X_{k,i}.$$
Projection: For each class $k$, generate $M_k\sim\text{Pois}(\lambda)$ independently. For each $j=1,\dots,M_k$, draw $Y_{k,j}\sim f_k$. If $M=\sum M_k>0$, set 
$$A_{\text{proj}}=\frac{1}{M}\sum_{k,j}Y_{k,j}$$ 
(else define arbitrarily). Conditional on $C$, the parameters $(\mu_k,\sigma_k)$ are known (e.g., $\mu_k=C_k$, $\sigma_k$ given). For a fixed count vector $\mathbf{m}=(m_1,\dots,m_t)$,
\begin{align*}
f(e,a\mid\mathbf{m},C)=\!\!\int_{[0,100]^{N+|\mathbf{m}|}} 
\prod_{k,i}f_k(x_{k,i})\prod_{k,j}f_k(y_{k,j})&\\
\cdot\delta\!\left(e-\frac{1}{N}\sum x_{k,i}\right)&\delta\!\left(a-\frac{1}{|\mathbf{m}|}\sum y_{k,j}\right)d\mathbf{x}d\mathbf{y},
\end{align*}
where $|\mathbf{m}|=\sum m_k$. Marginalizing over the Poisson counts yields
\begin{align*}
f_{E_{\text{cur}},A_{\text{proj}}\mid C}(e,a\mid c)
=\sum_{m_1,\dots,m_t=0}^\infty\prod_{k=1}^t\left(e^{-\lambda}\frac{\lambda^{m_k}}{m_k!}\right)
f(e,a\mid\mathbf{m},C).
\end{align*}
The expression prominently features $\Phi$ through the normalising constants $\Delta_k$.

(b) As the historical sample sizes for each class tend to infinity, $C_k\overset{a.s.}{\longrightarrow}m_k=E[X_k]$, where $X_k\sim\text{TN}(\mu_k,\sigma_k^2,0,100)$. For $A_{\text{proj}}$, as $\lambda\to\infty$ (or total projected size large), the law of large numbers for independent Poisson counts gives $M_k/M\overset{a.s.}{\longrightarrow}1/t$ (equal rates). Hence $A_{\text{proj}}\overset{a.s.}{\longrightarrow}\frac{1}{t}\sum_{k=1}^t m_k$. The fairness metric therefore converges to
$$L=\Phi^{-1}\!\left(\frac{1}{t}\sum m_k/100\right)-\frac{1}{t}\sum_{k=1}^t\Phi^{-1}\!\left(\frac{m_k}{100}\right).$$
Equality $L=0$ requires
$$\frac{1}{t}\sum_{k=1}^t\Phi^{-1}\!\left(\frac{m_k}{100}\right)=\Phi^{-1}\!\left(\frac{1}{t}\sum_{k=1}^t\frac{m_k}{100}\right).$$
$\Phi^{-1}$ is strictly convex for arguments $>0.5$ and strictly concave for $<0.5$, so Jensen’s inequality is strict unless all $m_k/100$ are equal (up to the unlikely exact cancellation when values straddle $0.5$). Hence a necessary and sufficient (generic) condition is $m_1=\dots=m_t$. This translates to conditions on the original parameters: the truncated normal means must coincide. If truncation is negligible ($\mu_k$ well inside $[0,100]$, small $\sigma_k$), then $\mu_k$ and $\sigma_k$ must all be equal. The bureaucrat’s critique: the system can be “fair” only under perfect homogeneity of class score distributions, an unrealistic assumption, thus exposing the paradox.
</reasoning>
<answer>
(a) For class $k$, student scores follow a truncated normal 
$$
f_k(x)=\frac{1}{\sigma_k}\frac{\varphi\!\big(\frac{x-\mu_k}{\sigma_k}\big)}{\Phi\!\big(\frac{100-\mu_k}{\sigma_k}\big)-\Phi\!\big(\frac{0-\mu_k}{\sigma_k}\big)}\mathbf{1}_{0<x<100},
$$
with $\Delta_k$ denoting the denominator. Let current class sizes $n_k$, $N=\sum n_k$. Then
$$
E_{\text{cur}}=\frac{1}{N}\sum_{k,i}X_{k,i},\qquad 
A_{\text{proj}}=\frac{1}{M}\sum_{k,j}Y_{k,j},\ M=\sum M_k,\ M_k\sim\text{Pois}(\lambda),
$$
and $Y_{k,j}\stackrel{d}{=}X_{k,i}$. Conditional on $C$, $\mu_k,\sigma_k$ are known. For a fixed count vector $\mathbf{m}$,
$$
f(e,a\mid\mathbf{m},C)=\!\!\int_{[0,100]^{N+|\mathbf{m}|}}
\prod_{k,i}f_k(x_{k,i})\prod_{k,j}f_k(y_{k,j})\,
\delta\!\left(e-\tfrac{1}{N}\!\sum x_{k,i}\right)
\delta\!\left(a-\tfrac{1}{|\mathbf{m}|}\!\sum y_{k,j}\right)
d\mathbf{x}d\mathbf{y}.
$$
Finally,
$$
f_{E_{\text{cur}},A_{\text{proj}}\mid C}(e,a\mid c)
=\sum_{m_1,\dots,m_t=0}^\infty\prod_{k=1}^t e^{-\lambda}\frac{\lambda^{m_k}}{m_k!}\,
f(e,a\mid\mathbf{m},C).
$$

(b) With large historical samples, $C_k\to m_k=E[X_k]$ a.s. With $\lambda\to\infty$, $A_{\text{proj}}\to\frac{1}{t}\sum m_k$ a.s. (equal Poisson rates). Thus the fairness metric tends to
$$
L=\Phi^{-1}\!\Big(\frac{1}{t}\sum\frac{m_k}{100}\Big)-\frac{1}{t}\sum\Phi^{-1}\!\Big(\frac{m_k}{100}\Big).
$$
Since $\Phi^{-1}$ is strictly monotone and nonlinear, Jensen’s inequality becomes equality iff all $m_k$ are equal (generically). Hence fairness (metric $\to0$) requires identical truncated class means. This forces the underlying parameters to satisfy $m_k=m_l$ for all $k,l$, which generally means all $\mu_k$ and $\sigma_k$ are equal (or finely tuned to offset truncation). The bureaucrat concludes that the “Perfect‑Score‑Only” system would be mathematically fair only in the implausible case of perfectly homogeneous classes; real variation thus reveals a fundamental bias.
</answer>"
a black teenager who lives in the United States and aspires to be a filmmaker.,"Math problem:
A teenage filmmaker from a mid‑size U.S. city plans to produce a short documentary series with Documentary‑101 classifications that follow a geometric progression for their runtime lengths.  

Given that the series must feature exactly 5 episodes, each classified differently (e.g., Expository, Observational, Participatory, Reflexive, Performative), and the first episode lasts $\frac{1}{2}$ hour while each subsequent episode’s length increases by a constant geometric factor $r$, determine whether the total runtime can equal exactly $2$ hours and, if so, find all possible values of $r$ that satisfy the filmmaking constraint that the prescription of distinct classifications must be respected.

***  

a) Find all real numbers $r$ such that the sum of the five episode lengths $\displaystyle \sum_{k=0}^{4} \left(\frac{1}{2}\right) r^{k} = 2$.  

b) Among those values of $r$, determine the one that yields a strictly increasing sequence of episode durations and also satisfies the requirement that $r$ be rational and written in lowest terms with a numerator not exceeding 10.","<reasoning>
The sum of the five episode lengths is given by:
\[
\sum_{k=0}^{4} \frac{1}{2} r^k = 2.
\]
Multiplying by 2 yields:
\[
1 + r + r^2 + r^3 + r^4 = 4,
\]
which rearranges to the quartic equation:
\[
r^4 + r^3 + r^2 + r - 3 = 0. \tag{1}
\]
The real roots of (1) are found by analyzing \(f(r)=r^4+r^3+r^2+r-3\). Since \(f'(r)=4r^3+3r^2+2r+1>0\) for \(r\ge0\), \(f\) is strictly increasing on \([0,\infty)\) with \(f(0)=-3\) and \(f(1)=1\), so there is exactly one positive root \(\alpha\in(0,1)\). For negative \(r\), \(f(-2)=7\) and \(f(-1)=-3\), so there is one negative root \(\beta\in(-2,-1)\). Thus the real solutions are \(\alpha\) and \(\beta\).

For part (b), a strictly increasing sequence of episode durations requires \(r>1\) (since \(a_{k+1}=r\,a_k\)). Neither \(\alpha\) nor \(\beta\) satisfies \(r>1\): \(\alpha<1\) gives a decreasing sequence, and \(\beta<0\) yields negative lengths for odd-indexed episodes, which are invalid. Moreover, by the rational root theorem, (1) has no rational roots (possible rational roots are \(\pm1,\pm3\), none satisfy). Hence there is no value of \(r\) from part (a) that meets the additional conditions.
</reasoning>
<answer>
a) The real numbers \(r\) satisfying the equation are the two real roots of \(r^4 + r^3 + r^2 + r - 3 = 0\): one positive root approximately \(0.89\) and one negative root approximately \(-1.55\).

b) There is no such \(r\). The positive root is less than 1, yielding a strictly decreasing sequence; the negative root gives negative durations for odd episodes and is invalid. Furthermore, no rational $r$ with numerator $\le10$ satisfies the equation.
</answer>"
An advertising executive who sees the decline in viewership for reality shows as a shrinking opportunity to promote products.,"Math problem:
An advertising executive analyzes the rating decay of reality television episodes using an exponential decay model. The viewership of a flagship show follows the function \( V(t)=V_0 e^{-\lambda t} \), where \( V_0 = 8.7 \) million (initial viewers in millions), \( \lambda = 0.12 \) per week, and \( t \) is measured in weeks.

a) Determine the exact weekly decay rate \( \lambda \) that reduces the audience to half its original size. Express your answer in terms of natural logarithms and simplify to an exact closed form.

b) Compute the expected cumulative total viewership (integral of the decaying audience over an infinite time horizon) for this show, giving your answer as a simplified exact expression involving \( \lambda \) and \( V_0 \). 

(Use only standard calculus and logarithmic algebra; no numerical approximation is required.)","<reasoning>
a) The weekly decay rate λ is defined such that after one week, the viewership is multiplied by \( e^{-\lambda} \). For the audience to reduce to half its original size in one week, we require \( e^{-\lambda} = \frac{1}{2} \). Solving: \( -\lambda = \ln\left(\frac{1}{2}\right) = -\ln 2 \), so \( \lambda = \ln 2 \).

b) The cumulative total viewership over infinite time is the integral:  
\[
\int_0^\infty V_0 e^{-\lambda t} \, dt = V_0 \int_0^\infty e^{-\lambda t} \, dt = V_0 \left[ -\frac{1}{\lambda} e^{-\lambda t} \right]_0^\infty = V_0 \left( 0 - \left(-\frac{1}{\lambda}\right) \right) = \frac{V_0}{\lambda}.
\]
</reasoning>
<answer>
a) \( \lambda = \ln 2 \)  
b) \( \dfrac{V_0}{\lambda} \)
</answer>"
A Mexican K-Pop fan with poor knowledge of the electronic music scene,"Math problem:
A Mexican K‑Pop fan is analyzing the streaming algorithm of a popular music platform that uses a nonlinear recommendation matrix \( \mathbf{R}\) to predict user preferences. The matrix \(\mathbf{R}\) is a \(4\times4\) stochastic matrix with entries  

\[
\mathbf{R}_{ij}= \frac{1}{2^{\,i+j}}\quad (i,j=1,2,3,4),
\]

and it satisfies the detailed balance condition \(\pi_i \mathbf{R}_{ij}= \pi_j \mathbf{R}_{ji}\) for a stationary distribution \(\boldsymbol{\pi}\).

**Sub‑problem (a)**
Derive an explicit formula for the stationary distribution \(\boldsymbol{\pi}=(\pi_1,\pi_2,\pi_3,\pi_4)\) up to a normalizing constant, and compute the exact values of the four components.

**Sub‑problem (b)**
Given a transition graph where each node represents a K‑Pop song genre and edges are weighted by \(\mathbf{R}_{ij}\), compute the spectral radius \(\rho(\mathbf{R})\) using advanced matrix‑analysis techniques (e.g., eigenvalue perturbation or Cauchy interlacing). Provide the exact value in closed form.","<reasoning>
The matrix R is stochastic, so each row sums to 1.  
From the detailed balance condition: π_i R_{ij} = π_j R_{ji} for all i,j.  

Given the expression R_{ij} = 1/2^{i+j}, we first note that the raw row sums are not 1:  
∑_{j=1}^4 1/2^{i+j} = 2^{-i}·∑_{j=1}^4 2^{-j} = 2^{-i}·(15/16).  
Thus the actual stochastic transition matrix must be the normalized version:  

\[
R_{ij} = \frac{1/2^{i+j}}{\sum_{k=1}^4 1/2^{i+k}} = \frac{1}{2^{j}\;\sum_{k=1}^4 2^{-k}} = \frac{2^{-j}}{15/16} = \frac{16}{15}\,2^{-j}.
\]

Hence all rows are identical, with common row vector  
\[
\mathbf{p} = \left( \frac{16}{15}\cdot\frac12,\; \frac{16}{15}\cdot\frac14,\; \frac{16}{15}\cdot\frac18,\; \frac{16}{15}\cdot\frac1{16} \right).
\]

For any stochastic matrix with identical rows, that common row is the unique stationary distribution (since the chain is i.i.d.).  
Alternatively, detailed balance with R_{ij} = c·2^{-j} yields π_i ∝ 2^{-i}, i.e.  

\[
\pi_i = \frac{2^{-i}}{\sum_{k=1}^4 2^{-k}} = \frac{16}{15}\,2^{-i}.
\]

Thus  

\[
\boldsymbol{\pi}= \left( \frac{8}{15},\; \frac{4}{15},\; \frac{2}{15},\; \frac{1}{15} \right).
\]

(b) Spectral radius ρ(R).  
R is stochastic, so by the Perron–Frobenius theorem its spectral radius is 1 and the all‑ones vector is a right eigenvector.  
The matrix is rank 1 (outer product of the all‑ones vector and p), so its eigenvalues are 1 (multiplicity 1) and 0 (multiplicity 3). Hence ρ(R)=1.  
Advanced tools such as eigenvalue perturbation or Cauchy interlacing can confirm that 1 is the only eigenvalue on the unit circle and that all others lie strictly inside.
</reasoning>
<answer>
(a) Stationary distribution: \(\pi_1 = \frac{8}{15},\; \pi_2 = \frac{4}{15},\; \pi_3 = \frac{2}{15},\; \pi_4 = \frac{1}{15}\).  
(b) Spectral radius \(\rho(\mathbf{R}) = 1\).
</answer>"
A Gun Control Activist in the USA,"Math problem:
Consider a study evaluating the efficacy of evidence‑based gun‑control legislation across 50 U.S. states over a 5‑year period. Let each state be labeled \(i\) where \(i=\text{California}, \text{Texas}, \ldots\). For state \(i\), define the following parameters:

- \(X_i\): annual number of reported mass‑shooting incidents (count data).
- \(Y_i\): total number of background‑check submissions per year.
- \(Z_i\): proportion of households with at‑least one firearm (population proportion).

Assume the relationship between these variables can be modeled by a multivariate negative binomial regression with dispersion parameter \(\theta_i\) specific to each state, and a log-linear link function:

\[
\log(\mu_{i}) = \beta_0 + \beta_1 \log(Y_i) + \beta_2 Z_i + \beta_3 \log(X_i),
\]

where \(\mu_i\) is the expected count of incidents.

### (a)
Derive the Fisher information matrix for \(\beta = (\beta_0,\beta_1,\beta_2,\beta_3)^\top\) assuming independent observations across years and states. Express the \((k,l)\) entry of the information matrix in terms of the observed covariates \(\log(Y_i)\), \(Z_i\), \(\log(X_i)\) and the estimated mean \(\mu_i\).

### (b)
Using the information matrix from part (a), compute the asymptotic variance–covariance matrix of the maximum‑likelihood estimator \(\hat\beta\). Then, obtain the asymptotic standard error of the coefficient \(\hat\beta_2\) corresponding to firearm prevalence \(Z_i\).

Provide your answers in closed‑form expressions involving sums over states (or state‑year indices). Do not evaluate numerically.","<reasoning>
The model assumes independent observations. For each observation \(i\) (state-year), the response (count of incidents) follows a negative binomial distribution with mean \(\mu_i\) and dispersion \(\theta_i\). The log-link is \(\log \mu_i = \beta_0 + \beta_1 \log Y_i + \beta_2 Z_i + \beta_3 \log X_i\). The covariate vector is \(x_i = (1,\; \log Y_i,\; Z_i,\; \log X_i)^\top\).

The log-likelihood for one observation (ignoring constants) is
\[
\ell_i(\beta) = y_i \log \mu_i - (y_i + \theta_i) \log(\theta_i + \mu_i).
\]

Differentiate with respect to \(\beta\):
\[
\frac{\partial \ell_i}{\partial \beta} = \left( \frac{y_i}{\mu_i} - \frac{y_i+\theta_i}{\theta_i+\mu_i} \right) \frac{\partial \mu_i}{\partial \beta}.
\]
Simplify the bracket:
\[
\frac{y_i}{\mu_i} - \frac{y_i+\theta_i}{\theta_i+\mu_i} = \frac{\theta_i(y_i - \mu_i)}{\mu_i(\theta_i+\mu_i)}.
\]
Since \(\partial \mu_i/\partial \beta = \mu_i x_i\) (log link), we obtain
\[
\frac{\partial \ell_i}{\partial \beta} = \frac{\theta_i (y_i - \mu_i)}{\theta_i+\mu_i} x_i.
\]

The Fisher information for one observation is
\[
I_i(\beta) = \mathbb{E}\left[ \frac{\partial \ell_i}{\partial \beta} \frac{\partial \ell_i}{\partial \beta}^\top \right] = \mathbb{E}[(y_i-\mu_i)^2] \left( \frac{\theta_i}{\theta_i+\mu_i} \right)^2 x_i x_i^\top.
\]
For the negative binomial, \(\mathrm{Var}(y_i) = \mu_i + \mu_i^2/\theta_i\). Hence
\[
I_i = \left( \mu_i + \frac{\mu_i^2}{\theta_i} \right) \frac{\theta_i^2}{(\theta_i+\mu_i)^2} x_i x_i^\top = \frac{\mu_i \theta_i}{\theta_i+\mu_i} x_i x_i^\top.
\]

Summing over all \(n\) independent observations gives the total Fisher information:
\[
I(\beta) = \sum_{i=1}^n \frac{\mu_i \theta_i}{\theta_i+\mu_i} x_i x_i^\top.
\]

Thus the \((k,l)\) entry is
\[
I_{kl} = \sum_{i=1}^n \frac{\mu_i \theta_i}{\theta_i+\mu_i} x_{ik} x_{il},
\]
with \(x_{i1}=1\), \(x_{i2}=\log Y_i\), \(x_{i3}=Z_i\), \(x_{i4}=\log X_i\).

For part (b), the asymptotic variance–covariance matrix of \(\hat\beta\) is the inverse of the Fisher information evaluated at the maximum likelihood estimates. Replacing \(\mu_i\) by \(\hat\mu_i = \exp(\hat\beta_0 + \hat\beta_1 \log Y_i + \hat\beta_2 Z_i + \hat\beta_3 \log X_i)\) yields
\[
\widehat{\mathrm{Var}}(\hat\beta) = \left( \sum_{i=1}^n \frac{\hat\mu_i \theta_i}{\theta_i+\hat\mu_i} x_i x_i^\top \right)^{-1}.
\]
The asymptotic standard error of \(\hat\beta_2\) is the square root of the \((3,3)\) element of this inverse (assuming \(\beta\) ordered as \((\beta_0,\beta_1,\beta_2,\beta_3)\)).
</reasoning>
<answer>
(a) The Fisher information matrix has entries
\[
I_{kl} = \sum_{i=1}^{n} \frac{\mu_i \theta_i}{\theta_i + \mu_i} x_{ik} x_{il},
\]
where \(x_{i1}=1\), \(x_{i2}=\log Y_i\), \(x_{i3}=Z_i\), \(x_{i4}=\log X_i\), and \(\mu_i = \exp(\beta_0 + \beta_1 \log Y_i + \beta_2 Z_i + \beta_3 \log X_i)\).

(b) The asymptotic variance–covariance matrix of \(\hat\beta\) is
\[
\widehat{\mathrm{Var}}(\hat\beta) = \left( \sum_{i=1}^{n} \frac{\hat\mu_i \theta_i}{\theta_i + \hat\mu_i} x_i x_i^\top \right)^{-1},
\]
with \(\hat\mu_i = \exp(\hat\beta_0 + \hat\beta_1 \log Y_i + \hat\beta_2 Z_i + \hat\beta_3 \log X_i)\). The asymptotic standard error of \(\hat\beta_2\) is
\[
\mathrm{SE}(\hat\beta_2) = \sqrt{ \left[ \left( \sum_{i=1}^{n} \frac{\hat\mu_i \theta_i}{\theta_i + \hat\mu_i} x_i x_i^\top \right)^{-1} \right]_{33} }.
\]
</answer>"
A philosophy professor who finds inspiration in the futurist's ideas and theories,"Math problem:
In examining Dr. Elara Voss's pedagogical model, quantitative analyses of syllabus evolution reveal that topics are introduced and deprecated according to a curvature‑based sustainability index, while student engagement dynamics are modeled using stochastic calculus. The curvature index $\kappa(s)$ for a segment $s$ of the curriculum satisfies the differential equation  

\[
\frac{d\kappa}{ds}= -\gamma \kappa^3 + \delta \sin(\omega s),
\]

where $\gamma, \delta,$ and $\omega$ are positive constants determined by historical cohort performance metrics. Simultaneously, the engagement level $E(t)$ of a cohort over time $t$ follows a geometric Brownian motion with volatility $\sigma$ and drift $\mu$, starting from an initial engagement $E_0$.  

Given the initial curvature $\kappa(0)=\kappa_0$ and $\kappa(T)=\kappa_T$ for a semester-long course of duration $T$, and knowing that the long‑term engagement threshold is defined by the solution to  

\[
dE(t)=\mu E(t)\,dt + \sigma E(t)\,dW_t,
\]

answer the following:  

a) Derive the explicit form of $\kappa(s)$ on the interval $[0,T]$ under the boundary conditions $\kappa(0)=\kappa_0$ and $\kappa(T)=\kappa_T$, expressing your answer in terms of the constants $\gamma,\delta,\omega,\kappa_0,\kappa_T,$ and $T$.  

b) For the stochastic differential equation governing $E(t)$, obtain the closed‑form expression of the expected engagement $\mathbb{E}[E(t)]$ at time $t$, and determine the time $t^*$ at which this expectation first exceeds a prescribed target engagement level $E_{\text{target}}$. Express $t^*$ in terms of $\mu$, $\sigma$, $E_0$, and $E_{\text{target}}$.","<reasoning>
For part (a), the given first-order ODE with two boundary conditions suggests it is actually a second-order problem; we interpret it as κ''(s) = -γ κ(s) + δ sin(ω s). The homogeneous solution is C₁ cos(√γ s) + C₂ sin(√γ s). For γ ≠ ω², a particular solution is (δ/(γ - ω²)) sin(ω s). Applying κ(0)=κ₀ gives C₁=κ₀. Applying κ(T)=κ_T determines C₂. The result is explicit.

For part (b), the SDE is geometric Brownian motion. Its solution is E(t)=E₀ exp((μ-σ²/2)t+σW_t). Taking expectation yields E[E(t)]=E₀e^{μt}. Setting equal to E_target gives t* = (1/μ) ln(E_target/E₀) for μ>0 and E_target>E₀.
</reasoning>

<answer>
a) 
\[
\kappa(s) = \kappa_0 \cos(\sqrt{\gamma} s) + \frac{\kappa_T - \kappa_0 \cos(\sqrt{\gamma} T) - \frac{\delta}{\gamma - \omega^2} \sin(\omega T)}{\sin(\sqrt{\gamma} T)} \sin(\sqrt{\gamma} s) + \frac{\delta}{\gamma - \omega^2} \sin(\omega s).
\]

b) 
\[
\mathbb{E}[E(t)] = E_0 e^{\mu t}, \quad t^* = \frac{1}{\mu} \ln\left(\frac{E_{\text{target}}}{E_0}\right).
\]
</answer>"
A local community member and parishioner of the Western Hills Church of the United Brethren in Christ,"Math problem:
Peter, a parish data steward, records weekly attendance \(A(t)\) (in persons) for Western Hills Church using the exponential decay model \(A(t)=A_0e^{-\lambda t}\), where \(A_0\) is the initial attendance and \(\lambda\) (per week) is the observed decay constant. Recent records show that after \(t=4\) weeks, attendance falls to \(60\%\) of its original level, and after \(t=9\) weeks, it falls to \(35\%\) of the original level.

a. Determine the decay constant \(\lambda\) (in per week) that satisfies both observed percentages, expressing your answer as a simplified exact value.

b. Using the derived \(\lambda\), compute the exact time \(t\) (in weeks) when attendance will reach exactly half of the original level (\(50\%\) of \(A_0\)). Provide the answer in simplified logarithmic form.","<reasoning>
The model is \(A(t) = A_0 e^{-\lambda t}\).  
Given:  
\(A(4) = 0.6 A_0 \Rightarrow e^{-4\lambda} = 0.6\)  
\(A(9) = 0.35 A_0 \Rightarrow e^{-9\lambda} = 0.35\)  

Divide the second equation by the first:  
\(\frac{e^{-9\lambda}}{e^{-4\lambda}} = e^{-5\lambda} = \frac{0.35}{0.6} = \frac{7}{12}\)  

Solve for \(\lambda\):  
\(\lambda = -\frac{1}{5} \ln\left(\frac{7}{12}\right) = \frac{1}{5} \ln\left(\frac{12}{7}\right)\)

For half attendance: \(A(t) = 0.5 A_0 \Rightarrow e^{-\lambda t} = 0.5\)  
Thus \(t = -\frac{\ln(0.5)}{\lambda} = \frac{\ln 2}{\lambda}\).  
Substitute \(\lambda\):  
\(t = \frac{\ln 2}{\frac{1}{5} \ln\left(\frac{12}{7}\right)} = \frac{5 \ln 2}{\ln\left(\frac{12}{7}\right)}\)
</reasoning>
<answer>
a. \(\lambda = \frac{1}{5} \ln\left(\frac{12}{7}\right)\)  
b. \(t = \frac{5 \ln 2}{\ln\left(\frac{12}{7}\right)}\)
</answer>"
A park ranger responsible for managing and protecting the professor's research area,"Math problem:
Consider a research plot shaped as a regular hexagon with side length \(s = 120\sqrt{3}\) meters in a tropical forest. The ranger must install monitoring stations at every point where the asymptotic expansion of the perimeter function \(P(r)=\frac{6r}{\sqrt{1-r^2}}\sum_{n=0}^{\infty}\binom{-\frac{1}{2}}{n}r^{2n}\) converges absolutely.  

(a) Determine the radius \(r_{c}\) of the largest disk centered at the plot's centroid inside which the expansion converges absolutely, and compute the exact total length of the asymptotic series used to extend the perimeter measurement to the exact perimeter value.  

(b) After establishing the first 14 stations in geometric progression along a principal axis (distances \(r_{1}=r_{c}/14,\; r_{2}=r_{c}/13,\dots,r_{14}=r_{c}/1\)), calculate the exact sum of the reciprocals of these positions to determine the adjusted station density constant used for optimal camouflage placement density in the research zone.","<reasoning>
The series part is \(\sum_{n=0}^{\infty} \binom{-\frac{1}{2}}{n} r^{2n}\). Its radius of convergence is \(1\) by the ratio test, since \(\left| \frac{\binom{-\frac{1}{2}}{n+1}}{\binom{-\frac{1}{2}}{n}} \right| \to 1\). The prefactor \( \frac{6r}{\sqrt{1-r^2}} \) is analytic for \(|r|<1\), so the entire expansion converges absolutely for \(|r|<1\). Here \(r\) is a dimensionless distance from the centroid.

The research plot is a regular hexagon with side length \(s = 120\sqrt{3}\) meters. Its circumradius equals \(s\), and its inradius is \(a = \frac{\sqrt{3}}{2}s = \frac{\sqrt{3}}{2} \cdot 120\sqrt{3} = 180\) meters. The series converges absolutely for all points with dimensionless distance \(\rho = d / s < 1\), i.e., for actual distances \(d < s\). The largest disk centered at the centroid that lies entirely within the hexagon is the incircle, with radius \(a = 180\) meters. Since \(a < s\), every point in this disk satisfies \(d < s\), so the expansion converges absolutely there. No larger disk can fit inside the hexagon, so \(r_c = a = 180\) meters.

The exact perimeter of the hexagon is \(6s = 6 \cdot 120\sqrt{3} = 720\sqrt{3}\) meters.

For part (b), the stations are placed at distances \(r_i = r_c / (15-i)\) for \(i=1,\dots,14\) (i.e., denominators \(14,13,\dots,1\)). Their reciprocals are \(1/r_i = (15-i)/r_c\). Summing gives \(\sum_{i=1}^{14} 1/r_i = \frac{1}{r_c} \sum_{k=1}^{14} k = \frac{105}{r_c}\). With \(r_c = 180\), the exact sum is \(\frac{105}{180} = \frac{7}{12}\).
</reasoning>
<answer>
(a) \(r_c = 180\) meters; exact total length (perimeter) = \(720\sqrt{3}\) meters.  
(b) Sum of reciprocals = \(\frac{7}{12}\).
</answer>"
a promising U23 canoer who looks up to Ellis Miller passionately,"Math problem:
A promising U‑23 canoeist trains on a river with a complex flow profile that can be modeled as a piecewise‑linear velocity field \(\mathbf{v}(x)=\bigl(v_x(x),\,v_y(x)\bigr)\) where
\[
v_x(x)=\begin{cases}
  0.5x & 0\le x\le 100,\\[4pt]
  100-0.3(x-100) & 100< x\le 250,
\end{cases}
\qquad
v_y(x)=\begin{cases}
  -0.2x+30 & 0\le x\le 150,\\[4pt]
  0.1(x-150)-5 & 150< x\le 250.
\end{cases}
\]
The paddler can adjust heading so that the resultant ground speed relative to the bank is maximized at a particular downstream waypoint situated at \(x=200\) m and \(y=80\) m.  

a) Formulate the optimization problem that determines the unit heading vector \(\mathbf{u}=(u_x,u_y)\) that maximizes the downstream component of the resultant velocity \(\mathbf{w}=\mathbf{u}+ \mathbf{v}(x_0)\) at \(x_0=200\) m, subject to the constraint \(u_x^2+u_y^2=1\).  

b) Solve for \(\mathbf{u}\) and compute the maximal downstream speed \(w_{\text{down}}(x_0)\).  

*Use advanced concepts such as constrained optimization with Lagrange multipliers and vector calculus appropriate for elite-level performance analysis.*","<reasoning>
Downstream direction is the positive \(x\)-axis, so maximize \(w_{\text{down}} = w_x = u_x + v_x(200)\).  
Compute \(v_x(200)\): for \(100 < x \le 250\), \(v_x(x)=100-0.3(x-100)\). At \(x=200\), \(v_x=100-0.3\cdot100=70\).  
Problem: \(\max_{u} (u_x + 70)\) subject to \(u_x^2+u_y^2=1\).  
Lagrangian: \(L = u_x + \lambda(1 - u_x^2 - u_y^2)\).  
Stationarity: \(\frac{\partial L}{\partial u_x}=1-2\lambda u_x=0 \Rightarrow u_x=\frac{1}{2\lambda}\); \(\frac{\partial L}{\partial u_y}=-2\lambda u_y=0 \Rightarrow u_y=0\).  
Constraint: \(u_x^2=1 \Rightarrow u_x=\pm1\). Maximum at \(u_x=1\).  
Thus \(\mathbf{u}=(1,0)\) and \(w_{\text{down}}=1+70=71\).
</reasoning>
<answer>
\[
\mathbf{u} = (1,0), \qquad w_{\text{down}}(200) = 71 \text{ m/s}.
\]
</answer>"
a seasoned allergist,"Math problem:
An allergist is evaluating the efficacy of a new monoclonal antibody therapy for reducing the incidence of severe allergic reactions in patients hypersensitive to multiple environmental allergens. The clinical trial enrolls 150 patients, stratified into three risk groups based on baseline IgE titers: low (50 patients), intermediate (60 patients), and high (40 patients). Each patient receives a dosage calibrated to their risk group, with the dosing schedule following a Poisson process where the expected number of adverse events per patient per month is λ_i for group i (λ_low = 0.2, λ_intermediate = 0.45, λ_high = 0.8).

(a) Determine the probability that, over a 6‑month period, at least 5 patients in the high‑risk group experience exactly 2 adverse events each, assuming independence across patients and months.

(b) Using Bayesian inference, compute the posterior probability that the true adverse‑event rate λ_high exceeds 0.75 per month, given prior belief λ_high ~ Gamma(α=3, β=2) and observing 12 adverse events in the high‑risk group over 6 months. Express the result as a simplified fraction involving Gamma function values.","<reasoning>
(a) For a high‑risk patient, adverse events over 6 months follow Poisson(λ·6) with λ=0.8, so mean μ=4.8. Probability of exactly 2 events:  
p = e^{-4.8} (4.8)^2 / 2! = e^{-4.8} · 11.52 ≈ 0.0948067.  
Let Y be the number of patients (out of 40) with exactly 2 events. Then Y ~ Binomial(40, p).  
P(Y ≥ 5) = ∑_{k=5}^{40} C(40,k) p^k (1-p)^{40-k}.  
Numerically, using recursive calculation:  
P(Y≤4) ≈ 0.671461 ⇒ P(Y≥5) ≈ 0.328539.

(b) Prior: λ ~ Gamma(α=3, β=2) (rate parametrization).  
Data: total adverse events in high‑risk group over 6 months = 12. With 40 patients, total exposure = 40·6 = 240 patient‑months. Likelihood: y|λ ~ Poisson(240λ).  
Posterior: λ|y ~ Gamma(α'=α+y=15, β'=β+240=242).  
P(λ > 0.75 | data) = ∫_{0.75}^∞ f(λ|data) dλ.  
With u = 242λ, this becomes  
\[
\frac{\int_{242·0.75}^{\infty} u^{14} e^{-u} du}{\int_0^{\infty} u^{14} e^{-u} du} = \frac{\Gamma(15, 181.5)}{\Gamma(15)}.
\]
</reasoning>
<answer>
(a) 0.3285  
(b) \(\displaystyle \frac{\Gamma(15, 181.5)}{\Gamma(15)}\)
</answer>"
An influential blogger who provides practical strategies and resources for working moms to optimize their time and manage their responsibilities effectively,"Math problem:
A working mom utilizes an algorithmic scheduling tool to allocate time blocks for professional tasks, childcare activities, and personal development. Her weekly calendar is treated as a discrete time grid of 168 hourly slots (24 h × 7 days). She aims to maximize weekly productivity by solving a constrained optimization problem in which each task is assigned a minimum required duration, and each hourly slot can only be allocated to one task.

1. If she allocates 40 h to work tasks, 50 h to childcare responsibilities, and 10 h to personal development each week, and she imposes the constraint that no work block can be contiguous for more than 8 h (i.e., every block of consecutive work hours must be ≤ 8 h), what is the minimum number of distinct work‑time blocks she must schedule?
2. Given that the probability of a childcare emergency occurring in any given hour is p, and the expected number of such disruptions per week is λ = 12 p, determine the value of p that makes the expected number of disruptions exactly equal to the total number of work‑time blocks found in part 1. Express your answer as a simplified fraction.","<reasoning>
1. Let \(k\) be the number of work blocks. Each block has length at most 8 hours, and total work time is 40 hours. Thus \(8k \ge 40\), so \(k \ge 5\). We can achieve \(k=5\) by scheduling five 8‑hour blocks with at least one non‑work hour between them (plenty of non‑work slots available). Therefore the minimum number of distinct work‑time blocks is 5.

2. The expected number of childcare disruptions per week is given as \(\lambda = 12p\), where \(p\) is the hourly probability of an emergency. We require \(\lambda\) to equal the number of work blocks from part 1, i.e., \(\lambda = 5\). Hence \(12p = 5\), so \(p = \frac{5}{12}\).
</reasoning>
<answer>
1. 5
2. \(\frac{5}{12}\)
</answer>"
A sociologist who researches the sociocultural factors contributing to the rise of populism,"Math problem:
A sociologist models the diffusion of populist discourse across $ n $ distinct demographic strata using a stochastic multi-agent system. Each stratum $ i $ begins with an initial radicalization intensity $ r_i > 0 $, and the probability that a message originating from stratum $ i $ successfully radicalizes a constituent of stratum $ j $ is given by $ P_{ij}(r_i, r_j) = \frac{r_i r_j}{\sum_{k=1}^n r_k^2} $, where $ j $ may equal $ i $. Suppose researchers collect $ N $ longitudinal observations across $ n $ strata, and for each observation they record ordered pairs of radicialization intensities $ (r_i^{(t)}, r_j^{(t)}) $ at discrete times $ t = 1, 2, \ldots, T $. Let $ S_N $ denote the empirical total of all such pairwise products across $ N $ observations and all stratum pairs:
$$
S_N = \sum_{t=1}^N \sum_{i=1}^n \sum_{j=1}^n r_i^{(t)} r_j^{(t)}.
$$
(a) Derive the asymptotic behavior of $ \frac{S_N}{N} $ as $ N \to \infty $ under the assumption that the empirical distribution of $ \{r_i^{(t)}\}_{i,t} $ converges weakly to a probability measure $ \mu $ on $ (0, \infty) $ with finite second moment.
$$
\frac{S_N}{N} \overset{a.s.}{\longrightarrow} \left( \int_0^\infty x^2 \, d\mu(x) \right) \cdot \left( \int_0^\infty d\mu(x) \right).
$$
(b) Using the Radon-Nikodym derivative of $ \mu $ with respect to its absolutely continuous component, express the leading-order asymptotic correction to $ \frac{S_N}{N} $ in terms of the density $ f(x) = \frac{d\mu_{\text{ac}}}{dx} $ and the singular component $ \mu_{\text{sc}} $ of $ \mu $. Compute this correction explicitly for the case where $ \mu $ is the Cantor distribution scaled to $ (0, \infty) $, demonstrating how self-similarity governs the correction term.","<reasoning>
We consider the empirical distribution of all $r_i^{(t)}$ (over $i=1,\dots,n$ and $t=1,\dots,N$) converging weakly to a probability measure $\mu$ on $(0,\infty)$ with finite second moment. Then the empirical measure $\hat\mu_N = \frac{1}{nN}\sum_{t,i}\delta_{r_i^{(t)}}\Rightarrow\mu$. For the continuous functional $\phi(\nu)=\int x^2\,d\nu(x)$, weak convergence and uniform integrability (since $\mu$ has finite second moment) imply $\phi(\hat\mu_N)\to\phi(\mu)$, i.e.,
\[
\frac{1}{nN}\sum_{t,i} r_i^{(t)2} \to \int x^2\,d\mu(x).
\]
Now,
\[
\frac{S_N}{N} = \frac{1}{N}\sum_{t=1}^N\left(\sum_{i=1}^n r_i^{(t)}\right)^2 = \frac{1}{N}\sum_{t=1}^N\sum_{i=1}^n\sum_{j=1}^n r_i^{(t)}r_j^{(t)}.
\]
Write this as
\[
\frac{S_N}{N} = \frac{1}{N}\sum_{t,i} r_i^{(t)2} + \frac{1}{N}\sum_{t}\sum_{i\neq j} r_i^{(t)}r_j^{(t)}.
\]
The first term converges to $n\int x^2\,d\mu$. For the second term, assume that for each fixed $t$, the $r_i^{(t)}$ are independent across $i$ and identically distributed with law converging to $\mu$. Then for $i\neq j$, by the strong law for independent sequences, $\frac{1}{N}\sum_t r_i^{(t)}r_j^{(t)}\to\left(\int x\,d\mu\right)^2$. There are $n(n-1)$ such pairs, so the second term converges to $n(n-1)\left(\int x\,d\mu\right)^2$. Hence
\[
\frac{S_N}{N}\to n\int x^2\,d\mu + n(n-1)\left(\int x\,d\mu\right)^2.
\]
The given expression $\left(\int x^2\,d\mu\right)\left(\int d\mu\right)=\int x^2\,d\mu$ (since $\int d\mu=1$) matches this only if $n=1$ and the cross term vanishes. Therefore, the stated limit holds for $n=1$; for general $n$ it includes the extra cross term. Since the problem states that limit, we proceed with $n=1$ (or interpret that cross terms are negligible under the assumptions). For $n=1$, $S_N=\sum_{t=1}^N r_1^{(t)2}$ and the convergence is immediate from the weak convergence of the empirical distribution.

(b) With $n=1$, let $X_t=r_1^{(t)}$.\footnote{For general $n$, the expansion would involve higher-order terms from the block structure, but the problem focuses on the role of the measure's decomposition.} The leading-order asymptotic correction to $\frac{S_N}{N}$ in probability is given by the central limit theorem for the sample second moment:
\[
\sqrt{N}\left(\frac{S_N}{N}-\int x^2\,d\mu\right)\overset{d}{\longrightarrow}\mathcal{N}\left(0,\;\operatorname{Var}_\mu(X^2)\right),
\]
where $\operatorname{Var}_\mu(X^2)=\int x^4\,d\mu-\left(\int x^2\,d\mu\right)^2$. Decompose $\mu=\mu_{ac}+\mu_{sc}$ with $d\mu_{ac}=f(x)\,dx$. Then
\[
\int x^k\,d\mu = \int x^k f(x)\,dx + \int x^k\,d\mu_{sc}\quad (k=2,4).
\]
Thus
\[
\operatorname{Var}_\mu(X^2) = \int x^4 f(x)\,dx + \int x^4\,d\mu_{sc} - \left(\int x^2 f(x)\,dx\right)^2 - \left(\int x^2\,d\mu_{sc}\right)^2 - 2\int x^2 f(x)\,dx\int x^2\,d\mu_{sc}.
\]
The correction term thus explicitly involves the density $f$ and the singular component $\mu_{sc}$.

For the Cantor distribution scaled to $(0,\infty)$, $\mu_{ac}=0$ so $f=0$. The measure $\mu_{sc}$ is self-similar: if $X\sim\mu_{sc}$, then $X\overset{d}{=}\frac{X}{3}+\frac{2}{3}B$ with $B\sim\text{Bernoulli}(1/2)$ independent. This yields recursions for moments:
\[
\int x^k\,d\mu_{sc} = \frac{1}{2}\int\left(\frac{x}{3}\right)^k d\mu_{sc} + \frac{1}{2}\int\left(\frac{x+2}{3}\right)^k d\mu_{sc} = \frac{1}{2\cdot 3^k}\int x^k\,d\mu_{sc} + \frac{1}{2\cdot 3^k}\int (x+2)^k\,d\mu_{sc}.
\]
Solving for $k=2$ and $k=4$ gives explicit values. For example, on the standard Cantor set (support $[0,1]$) one finds $\int x^2\,d\mu_{sc}=1/2$? Actually, solving the equations yields $\int x\,d\mu_{sc}=1/2$, $\int x^2\,d\mu_{sc}=1/2$, etc. (After scaling to $(0,\infty)$, adjust accordingly.) Then $\operatorname{Var}_\mu(X^2)=\int x^4\,d\mu_{sc}-\left(\int x^2\,d\mu_{sc}\right)^2$, a constant determined by the self-similarity.
</reasoning>
<answer>
(a) Under the assumption, the empirical distribution of all $r_i^{(t)}$ converges weakly to $\mu$. For $n=1$, $S_N=\sum_{t=1}^N r_1^{(t)2}$ and by the strong law for empirical distributions,
\[
\frac{S_N}{N}\overset{a.s.}{\longrightarrow}\int_0^\infty x^2\,d\mu(x).
\]
(The factor $\int_0^\infty d\mu(x)=1$ is redundant.) For general $n$, the limit would be $n\int x^2\,d\mu + n(n-1)\left(\int x\,d\mu\right)^2$, but the given expression corresponds to $n=1$ or to the case where cross terms are negligible.

(b) Let $\mu=\mu_{ac}+\mu_{sc}$ with $d\mu_{ac}=f(x)dx$. For $n=1$, $\frac{S_N}{N}=\frac{1}{N}\sum_{t=1}^N X_t^2$ with $X_t=r_1^{(t)}$. The central limit theorem gives
\[
\sqrt{N}\left(\frac{S_N}{N}-\int x^2\,d\mu\right)\overset{d}{\longrightarrow}\mathcal{N}\left(0,\;\int x^4\,d\mu-\left(\int x^2\,d\mu\right)^2\right).
\]
Expressing the variance via the Radon‑Nikodym decomposition:
\[
\int x^4\,d\mu-\left(\int x^2\,d\mu\right)^2 = \int x^4 f(x)\,dx + \int x^4\,d\mu_{sc} - \left(\int x^2 f(x)\,dx\right)^2 - \left(\int x^2\,d\mu_{sc}\right)^2 - 2\int x^2 f(x)\,dx\int x^2\,d\mu_{sc}.
\]
Thus the leading‑order correction (asymptotic standard deviation) depends on both $f$ and $\mu_{sc}$.

For the Cantor distribution scaled to $(0,\infty)$, $\mu_{ac}=0$, so $f=0$ and the variance reduces to $\int x^4\,d\mu_{sc}-\left(\int x^2\,d\mu_{sc}\right)^2$. The self‑similarity of the Cantor measure provides recursions for the moments: for all $k$,
\[
\int x^k\,d\mu_{sc} = \frac{1}{2\cdot 3^k}\int x^k\,d\mu_{sc} + \frac{1}{2\cdot 3^k}\int (x+2)^k\,d\mu_{sc},
\]
which can be solved to obtain explicit values for $k=2,4$ and hence the correction term.
</answer>"
An elderly retiree who collects vintage cameras and often seeks their help in repairing them,"Math problem:
A vintage camera collector has a collection of 128 lenses, each with a distinct focal length expressed in millimetres as an integer power of 2 (i.e., \(2^k\) mm for \(k \in \{1,\dots,7\}\), with each \(k\) appearing twice). When rebuilding a rare 35 mm film camera, he needs to mount exactly five lenses whose combined focal length equals 63 mm.

a) Find all 5‑element subsets of the multiset \(\{2^k \mid k=1,\dots,7,\; \text{each repeated twice}\}\) that sum to 63 mm.

b) For each valid subset found in part (a), determine the total number of distinct ordered selection sequences (i.e., permutations) that can be formed using exactly those five lenses.","<reasoning>
The multiset contains numbers \(2,4,8,16,32,64,128\), each appearing twice. All these numbers are even. The sum of any five even numbers is even. Since 63 is odd, no 5‑element subset can sum to 63. Hence there are no valid subsets for part (a), and therefore for part (b) the number of distinct ordered selection sequences is zero.
</reasoning>
<answer>
(a) No such subsets exist.
(b) 0
</answer>"
Un pittore astratto che trova ispirazione nel modo in cui l'illustratore combina i colori,"Math problem:  
A marine heatwave causes a 32% increase in dissolved oxygen gradients across stratified ocean layers, modeled by the function \(\Delta O(z) = 0.32\,z(1 - e^{-0.8z})\), where \(z\) is depth in meters. During pigment development, the spatial distribution of cadmium red chromophores forms a non-uniform mesh whose Voronoi dual exhibits curvature-dependent adjacency thresholds. Sub‑multithreading discretization modules enforce that the curvature integrand must satisfy \(\nabla^2 \left( \frac{1}{\kappa^2} \right) > 1.5\) to prevent compression artifacts in the 4‑K output resolution pipeline.  

a) Derive the minimum depth \(z_{\min}\) required for \(\nabla^2 \left( \frac{1}{\kappa^2} \right) > 1.5\) to hold, given that \(\kappa(z) = \alpha\,\Delta O(z)\) with \(\alpha = 0.45\) and curvature approximated by \(\kappa(z) = \frac{d^2O}{dz^2}\).  

b) Compute the ratio of affected triaxial thread intervals when the regional constraint \( \frac{\Delta O(z_{\min})}{O_0} = 0.12 \) governs compression limits, where \(O_0\) is the baseline oxygen concentration.","<reasoning>
a) Given \(\Delta O(z) = 0.32\,z(1 - e^{-0.8z})\) and \(\kappa(z) = \alpha\,\Delta O(z)\) with \(\alpha = 0.45\), we have  
\(\kappa(z) = 0.144\,z(1 - e^{-0.8z})\).  
Define \(u(z) = \kappa(z)\). Then  
\(\nabla^2(1/\kappa^2) = \frac{d^2}{dz^2}(u^{-2}) = \frac{6(u')^2}{u^4} - \frac{2u''}{u^3}\).  
Compute derivatives:  
\(u' = 0.144\left(1 - e^{-0.8z} + 0.8z e^{-0.8z}\right)\),  
\(u'' = 0.144 \cdot 0.8 e^{-0.8z}(2 - 0.8z) = 0.1152\, e^{-0.8z}(2 - 0.8z)\).  
Set \(\frac{6(u')^2}{u^4} - \frac{2u''}{u^3} = 1.5\).  
Let \(A = 0.144\) and \(v(z) = z(1 - e^{-0.8z})\). Then \(u = A v\) and the equation simplifies to  
\(\frac{1}{A^2}\left(\frac{6(v')^2}{v^4} - \frac{2v''}{v^3}\right) = 1.5\)  
\(\Rightarrow \frac{6(v')^2}{v^4} - \frac{2v''}{v^3} = 1.5A^2 = 0.031104\).  
With \(v' = 1 - e^{-0.8z} + 0.8z e^{-0.8z}\), \(v'' = 0.8 e^{-0.8z}(2 - 0.8z)\).  
The left‑hand side is a decreasing function of \(z\) (from \(+\infty\) at \(z\to0^+\) to \(0\) as \(z\to\infty\)).  
Solving numerically yields \(z \approx 4.082\) m. For \(z < z_{\min}\) the inequality holds; for \(z > z_{\min}\) it fails. Hence the minimum depth required (i.e., the depth beyond which the condition no longer holds) is \(z_{\min} \approx 4.08\) m.

b) The regional constraint \(\frac{\Delta O(z_{\min})}{O_0} = 0.12\) governs compression limits. The ratio of affected triaxial thread intervals is exactly this value, so it equals \(0.12\).
</reasoning>
<answer>
a) \(z_{\min} \approx 4.08\) m  
b) \(0.12\)
</answer>"
A voracious reader with a passion for discussing true crime books and theories,"Math problem:
A forensic analyst specializing in book‑binding material properties is investigating a series of crime‑scene mock‑books whose covers are known to be made of a premium leather that degrades according to the differential equation  

\[
\frac{dL}{dt}= -k L^{\alpha},\qquad L(0)=L_0,
\]

where \(L(t)\) is the remaining tensile strength (in MPa), \(k>0\) is a material‑specific decay constant, and \(\alpha\in(0,1)\) captures the non‑linear degradation of the polymer’s micro‑structure.  

The analyst has determined that after a 12‑month period the tensile strength measured on recovered specimens averaged \(L(12)=0.64L_0\).  

Assume that the analyst wants to predict the time \(T\) (in months) at which the strength will drop to half of its original value (\(L(T)=0.5L_0\)), and also to estimate the decay constant \(k\) using the given data.

> (a) Derive an explicit expression for \(L(t)\) in terms of \(t,\;k,\;\alpha,\;L_0\).  
> (b) Using the condition \(L(12)=0.64L_0\) and the requirement that \(L(T)=0.5L_0\), determine the time \(T\) (in months) at which the strength reaches one‑half of its original value. Express \(T\) solely in terms of \(\alpha\) (no numerical approximation required).  

*Hint:* The solution to (a) yields a relationship between \(k\) and \(T\) that can be substituted into the half‑strength condition to eliminate \(k\). Use the given fractional strength at \(t=12\) months to solve for \(k\) implicitly, then substitute back to obtain \(T\).","<reasoning>
Separate variables: \( \int L^{-\alpha} \,dL = \int -k \,dt \) gives \( \frac{L^{1-\alpha}}{1-\alpha} = -kt + C \). Using \( L(0)=L_0 \) yields \( C = \frac{L_0^{1-\alpha}}{1-\alpha} \). Thus \( L^{1-\alpha} = L_0^{1-\alpha} - k(1-\alpha)t \), so \( L(t) = \left( L_0^{1-\alpha} - k(1-\alpha)t \right)^{1/(1-\alpha)} \).

For \( t=12 \): \( L_0^{1-\alpha} - 12k(1-\alpha) = 0.64^{\,1-\alpha} L_0^{1-\alpha} \) → \( k(1-\alpha) = \frac{L_0^{1-\alpha}\left(1-0.64^{\,1-\alpha}\right)}{12} \).

For half-strength at \( t=T \): \( L_0^{1-\alpha} - k(1-\alpha)T = 0.5^{\,1-\alpha} L_0^{1-\alpha} \) → \( k(1-\alpha) = \frac{L_0^{1-\alpha}\left(1-0.5^{\,1-\alpha}\right)}{T} \).

Equate the two expressions for \( k(1-\alpha) \): \( \frac{1-0.5^{\,1-\alpha}}{T} = \frac{1-0.64^{\,1-\alpha}}{12} \). Solving gives \( T = 12\,\frac{1-0.5^{\,1-\alpha}}{1-0.64^{\,1-\alpha}} \).
</reasoning>
<answer>
(a) \( L(t) = \left( L_0^{\,1-\alpha} - k(1-\alpha) t \right)^{\!1/(1-\alpha)} \).
(b) \( T = 12\,\dfrac{1 - (1/2)^{\,1-\alpha}}{1 - (0.64)^{\,1-\alpha}} \).
</answer>"
a retired pool player who is a big fan of Johnny Cash,"Math problem:
A retired pool player is arranging a custom billiard table for a private tournament. The table’s playing surface is a perfect rectangle with length \;L\; and width \;W\; (both measured in meters). The player insists that the table’s pockets be positioned at the four corners and that a ""rainbow"" of colored balls be placed along the cushions in a precise pattern inspired by Johnny Cash’s “Man in Black” tour set‑list.

The player wants to place a ball at each integer distance along the perimeter, starting from the top‑right corner and moving clockwise, such that the distance between consecutive balls (Euclidean distance along the perimeter) is exactly \;d\; meters. The perimeter of the table is \;2(L+W)\; meters, and the chosen spacing \;d\; is a rational number that leads to a non‑integer number of balls.

Assume the following data:
- \;L = \frac{27}{4}\; \text{m}
- \;W = \frac{15}{4}\; \text{m}
- \;d = \frac{7}{3}\; \text{m}

(a) Determine the exact number of balls placed on the perimeter, showing that this number is not an integer.
(b) If the player decides to adjust the spacing to the nearest rational number that results in an integer number of balls while preserving the order of placement (i.e., the sequence of corner‑to‑corner traversals must be maintained), find that adjusted spacing \;d'\; in simplest fractional form. 

Hints:
- Use the relationship \;N = \frac{2(L+W)}{d}\; to compute the number of balls \[N\]; \;N\] must be an integer for an exact placement.
- For part (b), consider the set of feasible rational spacings that yield an integer \[N\] and select the one closest to the original spacing \[d\]. Express the result as a reduced fraction.","<reasoning>
Perimeter \(P = 2(L+W) = 2\left(\frac{27}{4}+\frac{15}{4}\right) = 2\left(\frac{42}{4}\right) = 21\) m.  
Number of balls for exact fit: \(N = \frac{P}{d} = \frac{21}{\frac{7}{3}} = 21 \times \frac{3}{7} = \frac{63}{7} = 9\).  
Thus, \(N = 9\). This is an integer, while the problem statement claims it should be non‑integer; with the given data it is actually integer.  
For part (b), feasible spacings \(d'\) must satisfy \(\frac{P}{d'} \in \mathbb{N}\), i.e., \(d' = \frac{P}{k}\) for some integer \(k\). The value of \(d\) itself gives \(k=9\) and \(d' = \frac{21}{9} = \frac{7}{3}\), which is already the original spacing and yields an integer \(N\). The nearest such rational to \(d\) is therefore \(d' = \frac{7}{3}\) m.
</reasoning>
<answer>
(a) 9
(b) \frac{7}{3}
</answer>"
An internationally recognized expert and advocate for dyslexia who shares personal stories and practical tips in their bestselling books,"Math problem:
Consider a linguist‑dyslexia specialist who models the probability that a dyslexic reader correctly decodes a text segment of length \(n\) as  

\[
P(n)=\frac{1}{\sqrt{n}}\;e^{-\frac{(\log n-\mu)^2}{2\sigma^2}},
\]

where \(\mu,\,\sigma>0\) are parameters estimated from longitudinal data on individual readers.  
Let the specialist analyze two cohorts of readers:  

- Cohort A: \(n=10^4\) characters per segment, \(\mu=9\), \(\sigma=1\).  
- Cohort B: \(n=10^6\) characters per segment, \(\mu=14\), \(\sigma=2\).

Sub‑problems:  

a) Compute the ratio \(R=\dfrac{P_{A}}{P_{B}}\). Express your answer in simplest exponential form.  

b) Determine the value of \(n\) (as a function of \(\mu\) and \(\sigma\)) that maximizes \(P(n)\). Provide the maximizing \(n\) in terms of \(\mu\) and \(\sigma\).","<reasoning>
The probability function is \(P(n) = n^{-1/2} \exp\left(-\frac{(\ln n - \mu)^2}{2\sigma^2}\right)\), where \(\log\) denotes the natural logarithm. For Cohort A: \(n_A = 10^4\), \(\mu_A = 9\), \(\sigma_A = 1\), so \(\ln n_A = 4\ln 10\). For Cohort B: \(n_B = 10^6\), \(\mu_B = 14\), \(\sigma_B = 2\), so \(\ln n_B = 6\ln 10\).

The ratio \(R = P_A / P_B\) simplifies to:
\[
R = \left(\frac{n_B}{n_A}\right)^{1/2} \exp\left(\frac{(\ln n_B - \mu_B)^2}{2\sigma_B^2} - \frac{(\ln n_A - \mu_A)^2}{2\sigma_A^2}\right).
\]
Since \(n_B/n_A = 10^2\), \((n_B/n_A)^{1/2} = 10\). Let \(a = \ln 10\). Then:
\[
\frac{(\ln n_B - \mu_B)^2}{2\sigma_B^2} = \frac{(6a - 14)^2}{8}, \quad \frac{(\ln n_A - \mu_A)^2}{2\sigma_A^2} = \frac{(4a - 9)^2}{2}.
\]
Their difference is:
\[
D = \frac{(6a - 14)^2}{8} - \frac{(4a - 9)^2}{2} = -\frac{7}{2}a^2 + 15a - 16.
\]
Thus,
\[
R = 10 e^{D} = 10 e^{-\frac{7}{2}a^2 + 15a - 16} = e^{a -\frac{7}{2}a^2 + 15a - 16} = \exp\left(16a - 16 - \frac{7}{2}a^2\right) = \exp\left(16\ln 10 - 16 - \frac{7}{2}(\ln 10)^2\right).
\]

For part (b), maximize \(P(n)\) by setting the derivative of \(\ln P(n) = -\frac{1}{2}\ln n - \frac{(\ln n - \mu)^2}{2\sigma^2}\) to zero:
\[
\frac{d}{dn} \ln P(n) = -\frac{1}{2n} - \frac{\ln n - \mu}{n\sigma^2} = 0 \implies \ln n - \mu = -\frac{\sigma^2}{2} \implies \ln n = \mu - \frac{\sigma^2}{2} \implies n = \exp\left(\mu - \frac{\sigma^2}{2}\right).
\]
</reasoning>
<answer>
a) \(R = \exp\left(16 \ln 10 - 16 - \frac{7}{2} (\ln 10)^2\right)\)

b) \(n = \exp\left(\mu - \frac{\sigma^2}{2}\right)\)
</answer>"
An aspiring local nurse keen on learning advanced medical procedures despite the harsh conditions,"Math problem:
A rural health clinic monitors bacterial load in wound cultures using colony forming units (CFU) that decay according to a nonlinear ODE model. The viable count $y(t)$ follows $\frac{dy}{dt} = -ky^{\alpha}$ with $y(0) = y_0$. Here $k = 0.05$ day$^{-1}$, $\alpha$ is unknown, and $y_0 = 10^6$ CFU.

a) Solve the initial-value problem for arbitrary $\alpha$ and derive an expression for $y(t)$.

b) For a slow‐decaying strain $\alpha = 0.8$, determine the time (to the nearest hour) required for the culture to decline to 1 % of its initial viable count.","<reasoning>
a) The ODE is separable: \(\frac{dy}{y^\alpha} = -k \, dt\).  
Integrate:  
- If \(\alpha \neq 1\), \(\int y^{-\alpha} dy = \frac{y^{1-\alpha}}{1-\alpha} = -kt + C\).  
Apply \(y(0)=y_0\): \(C = \frac{y_0^{1-\alpha}}{1-\alpha}\).  
Thus \(y^{1-\alpha} = y_0^{1-\alpha} - k(1-\alpha)t\) and  
\[
y(t) = \left( y_0^{1-\alpha} - k(1-\alpha)t \right)^{1/(1-\alpha)}.
\]  
- If \(\alpha = 1\), \(\int \frac{dy}{y} = -kt + C \Rightarrow \ln y = -kt + \ln y_0\), so \(y(t) = y_0 e^{-kt}\).

b) For \(\alpha = 0.8\), \(1-\alpha = 0.2\). Set \(y = 0.01\,y_0\):  
\[
(0.01\,y_0)^{0.2} = y_0^{0.2} - 0.2k\,t
\quad\Rightarrow\quad
t = \frac{y_0^{0.2} - (0.01\,y_0)^{0.2}}{0.2k}.
\]  
With \(y_0 = 10^6\), \(k = 0.05\,\text{day}^{-1}\):  
\(y_0^{0.2} = (10^6)^{0.2} = 10^{1.2} = 15.84893192\),  
\((0.01\,y_0)^{0.2} = (10^4)^{0.2} = 10^{0.8} = 6.30957344\).  
Numerator: \(15.84893192 - 6.30957344 = 9.53935848\).  
Denominator: \(0.2k = 0.01\).  
Thus \(t = \frac{9.53935848}{0.01} = 953.935848\) days.  
Convert to hours: \(953.935848 \times 24 = 22894.46035\) hours.  
Round to nearest hour: \(22894\).
</reasoning>
<answer>
a) For \(\alpha \neq 1\): \(y(t) = \left( y_0^{1-\alpha} - k(1-\alpha)t \right)^{1/(1-\alpha)}\); for \(\alpha = 1\): \(y(t) = y_0 e^{-kt}\).  
b) \(22894\) hours.
</answer>"
